이용대금명세서 상세 내역,,,,,,,,,,,,,
"이용
일자","카드
구분","이용
카드","매출
구분",이용가맹점(은행)명,"이용금액
(해외현지/
체크카드)","할부
개월",당월결제하실금액,,,,,결제후 잔액,할부가격
,,,,,,,회차,원금,혜택금액,환율,수수료,,
07.18,신용/본인,1234,국내일시불,스타벅스 강남2호점,"5,500",0,0,"5,500",55,0,0,0,0
07.20,신용/본인,1234,국내일시불,(주)이마트 성수점,"27,730",0,0,"5,000",50,0,0,0,0
07.20,신용/본인,1234,취소,취소-(주)이마트 성수점,"-22,730",0,0,"-22,730",0,0,0,0,0
07.22,신용/본인,1234,국내일시불,쿠팡,"28,990",0,0,"28,990",0,0,0,0,0
07.23,신용/본인,1234,취소,취소-쿠팡,"-28,990",0,0,"-28,990",0,0,0,0,0
07.23,신용/본인,1234,국외일시불,NETFLIX.COM,22,0,0,"33,170 \n USD22.00",0,"1,507.7",0,0,0
07.23,신용/본인,1234,차감,차감-해외이용캐시백(NETFLIX.COM),-331,0,0,-331,0,0,0,0,0
08.01,신용/본인,1234,국내할부,삼성전자 스토어,"1,500,000",5,1,"300,000",0,0,0,"1,200,000","1,500,000"
08.05,신용/본인,1234,국내일시불,GS25 역삼점,"7,200",0,0,"7,200",72,0,0,0,0
08.16,신용/본인,1234,차감,차감-카드의정석 EVERY1 추가할인,"-10,000",0,0,"-10,000",0,0,0,0,0
,신용/본인,1234,카드소계,소계(홍길동),,0,0,"368,839",177,0,0,"1,200,000",0
,신용/본인,1234,청구결제번호소계,청구합계-가상은행 000*******000,,0,0,"368,839",177,0,0,"1,200,000",0
